[
  { "nom":"puella","gen":"puellae","gender":"f","decl":1,"meaning":"fanciulla" },
  { "nom":"nauta","gen":"nautae","gender":"m","decl":1,"meaning":"marinaio" },
  { "nom":"agricola","gen":"agricolae","gender":"m","decl":1,"meaning":"contadino" },
  { "nom":"poeta","gen":"poetae","gender":"m","decl":1,"meaning":"poeta" },
  { "nom":"incola","gen":"incolae","gender":"m","decl":1,"meaning":"abitante" },
  { "nom":"domina","gen":"dominae","gender":"f","decl":1,"meaning":"signora" },
  { "nom":"ancilla","gen":"ancillae","gender":"f","decl":1,"meaning":"ancella" },
  { "nom":"terra","gen":"terrae","gender":"f","decl":1,"meaning":"terra" },
  { "nom":"aqua","gen":"aquae","gender":"f","decl":1,"meaning":"acqua" },
  { "nom":"mensa","gen":"mensae","gender":"f","decl":1,"meaning":"tavola" },
  { "nom":"filia","gen":"filiae","gender":"f","decl":1,"meaning":"figlia" },
  { "nom":"via","gen":"viae","gender":"f","decl":1,"meaning":"strada" },
  { "nom":"silva","gen":"silvae","gender":"f","decl":1,"meaning":"bosco" },
  { "nom":"fama","gen":"famae","gender":"f","decl":1,"meaning":"fama" },
  { "nom":"ira","gen":"irae","gender":"f","decl":1,"meaning":"ira" },
  { "nom":"Italia","gen":"Italiae","gender":"f","decl":1,"meaning":"Italia" },
  { "nom":"Roma","gen":"Romae","gender":"f","decl":1,"meaning":"Roma" },
  { "nom":"provincia","gen":"provinciae","gender":"f","decl":1,"meaning":"provincia" },
  { "nom":"gratia","gen":"gratiae","gender":"f","decl":1,"meaning":"grazia, favore" },
  { "nom":"copia","gen":"copiae","gender":"f","decl":1,"meaning":"abbondanza; pl. truppe" },
  { "nom":"epistula","gen":"epistulae","gender":"f","decl":1,"meaning":"lettera" },
  { "nom":"fabula","gen":"fabulae","gender":"f","decl":1,"meaning":"favola, racconto" },
  { "nom":"mora","gen":"morae","gender":"f","decl":1,"meaning":"ritardo" },
  { "nom":"cura","gen":"curae","gender":"f","decl":1,"meaning":"cura, preoccupazione" },
  { "nom":"forma","gen":"formae","gender":"f","decl":1,"meaning":"forma, bellezza" },
  { "nom":"luna","gen":"lunae","gender":"f","decl":1,"meaning":"luna" },
  { "nom":"porta","gen":"portae","gender":"f","decl":1,"meaning":"porta" },
  { "nom":"rosa","gen":"rosae","gender":"f","decl":1,"meaning":"rosa" },
  { "nom":"sagitta","gen":"sagittae","gender":"f","decl":1,"meaning":"freccia" },
  { "nom":"unda","gen":"undae","gender":"f","decl":1,"meaning":"onda" },
  { "nom":"vita","gen":"vitae","gender":"f","decl":1,"meaning":"vita" },
  { "nom":"hora","gen":"horae","gender":"f","decl":1,"meaning":"ora" },
  { "nom":"causa","gen":"causae","gender":"f","decl":1,"meaning":"causa, motivo" },
  { "nom":"dea","gen":"deae","gender":"f","decl":1,"meaning":"dea" },

  { "nom":"amicus","gen":"amici","gender":"m","decl":2,"meaning":"amico" },
  { "nom":"dominus","gen":"domini","gender":"m","decl":2,"meaning":"padrone" },
  { "nom":"servus","gen":"servi","gender":"m","decl":2,"meaning":"schiavo" },
  { "nom":"puer","gen":"pueri","gender":"m","decl":2,"meaning":"ragazzo" },
  { "nom":"ager","gen":"agri","gender":"m","decl":2,"meaning":"campo" },
  { "nom":"liber","gen":"libri","gender":"m","decl":2,"meaning":"libro" },
  { "nom":"filius","gen":"filii","gender":"m","decl":2,"meaning":"figlio" },
  { "nom":"annus","gen":"anni","gender":"m","decl":2,"meaning":"anno" },
  { "nom":"equus","gen":"equi","gender":"m","decl":2,"meaning":"cavallo" },
  { "nom":"gladius","gen":"gladii","gender":"m","decl":2,"meaning":"spada" },
  { "nom":"hortus","gen":"horti","gender":"m","decl":2,"meaning":"orto, giardino" },
  { "nom":"locus","gen":"loci","gender":"m","decl":2,"meaning":"luogo" },
  { "nom":"magister","gen":"magistri","gender":"m","decl":2,"meaning":"maestro" },
  { "nom":"numerus","gen":"numeri","gender":"m","decl":2,"meaning":"numero" },
  { "nom":"oculus","gen":"oculi","gender":"m","decl":2,"meaning":"occhio" },
  { "nom":"somnus","gen":"somni","gender":"m","decl":2,"meaning":"sonno" },
  { "nom":"campus","gen":"campi","gender":"m","decl":2,"meaning":"pianura, campo" },
  { "nom":"murus","gen":"muri","gender":"m","decl":2,"meaning":"muro" },
  { "nom":"legatus","gen":"legati","gender":"m","decl":2,"meaning":"legato, ambasciatore" },
  { "nom":"nuntius","gen":"nuntii","gender":"m","decl":2,"meaning":"messaggero" },

  { "nom":"bellum","gen":"belli","gender":"n","decl":2,"meaning":"guerra" },
  { "nom":"templum","gen":"templi","gender":"n","decl":2,"meaning":"tempio" },
  { "nom":"consilium","gen":"consilii","gender":"n","decl":2,"meaning":"consiglio, piano" },
  { "nom":"verbum","gen":"verbi","gender":"n","decl":2,"meaning":"parola" },
  { "nom":"oppidum","gen":"oppidi","gender":"n","decl":2,"meaning":"cittadina fortificata" },
  { "nom":"donum","gen":"doni","gender":"n","decl":2,"meaning":"dono" },
  { "nom":"periculum","gen":"periculi","gender":"n","decl":2,"meaning":"pericolo" },
  { "nom":"praemium","gen":"praemii","gender":"n","decl":2,"meaning":"premio" },
  { "nom":"vinum","gen":"vini","gender":"n","decl":2,"meaning":"vino" },
  { "nom":"telum","gen":"teli","gender":"n","decl":2,"meaning":"giavellotto, arma" },
  { "nom":"factum","gen":"facti","gender":"n","decl":2,"meaning":"fatto" },

  { "nom":"rex","gen":"regis","gender":"m","decl":3,"meaning":"re" },
  { "nom":"dux","gen":"ducis","gender":"m","decl":3,"meaning":"condottiero" },
  { "nom":"miles","gen":"militis","gender":"m","decl":3,"meaning":"soldato" },
  { "nom":"homo","gen":"hominis","gender":"m","decl":3,"meaning":"uomo (essere umano)" },
  { "nom":"pater","gen":"patris","gender":"m","decl":3,"meaning":"padre" },
  { "nom":"mater","gen":"matris","gender":"f","decl":3,"meaning":"madre" },
  { "nom":"frater","gen":"fratris","gender":"m","decl":3,"meaning":"fratello" },
  { "nom":"consul","gen":"consulis","gender":"m","decl":3,"meaning":"console" },
  { "nom":"iudex","gen":"iudicis","gender":"m","decl":3,"meaning":"giudice" },
  { "nom":"leo","gen":"leonis","gender":"m","decl":3,"meaning":"leone" },
  { "nom":"canis","gen":"canis","gender":"m","decl":3,"meaning":"cane" },
  { "nom":"civis","gen":"civis","gender":"m","decl":3,"meaning":"cittadino (i-stem)" },
  { "nom":"hostis","gen":"hostis","gender":"m","decl":3,"meaning":"nemico (i-stem)" },
  { "nom":"navis","gen":"navis","gender":"f","decl":3,"meaning":"nave (i-stem)" },
  { "nom":"pars","gen":"partis","gender":"f","decl":3,"meaning":"parte (i-stem)" },
  { "nom":"urbs","gen":"urbis","gender":"f","decl":3,"meaning":"città (i-stem)" },
  { "nom":"virtus","gen":"virtutis","gender":"f","decl":3,"meaning":"virtù, valore" },
  { "nom":"salus","gen":"salutis","gender":"f","decl":3,"meaning":"salvezza" },
  { "nom":"ratio","gen":"rationis","gender":"f","decl":3,"meaning":"ragione, metodo" },
  { "nom":"vox","gen":"vocis","gender":"f","decl":3,"meaning":"voce" },

  { "nom":"corpus","gen":"corporis","gender":"n","decl":3,"meaning":"corpo" },
  { "nom":"tempus","gen":"temporis","gender":"n","decl":3,"meaning":"tempo" },
  { "nom":"nomen","gen":"nominis","gender":"n","decl":3,"meaning":"nome" },
  { "nom":"caput","gen":"capitis","gender":"n","decl":3,"meaning":"capo, testa" },
  { "nom":"flumen","gen":"fluminis","gender":"n","decl":3,"meaning":"fiume" },
  { "nom":"litus","gen":"litoris","gender":"n","decl":3,"meaning":"spiaggia" },
  { "nom":"mare","gen":"maris","gender":"n","decl":3,"meaning":"mare (i-stem)" },
  { "nom":"animal","gen":"animalis","gender":"n","decl":3,"meaning":"animale (i-stem)" },
  { "nom":"iter","gen":"itineris","gender":"n","decl":3,"meaning":"viaggio" },
  { "nom":"opus","gen":"operis","gender":"n","decl":3,"meaning":"opera, lavoro" },

  { "nom":"manus","gen":"manus","gender":"f","decl":4,"meaning":"mano" },
  { "nom":"domus","gen":"domus","gender":"f","decl":4,"meaning":"casa (irreg. in alcuni casi)" },
  { "nom":"exercitus","gen":"exercitus","gender":"m","decl":4,"meaning":"esercito" },
  { "nom":"fructus","gen":"fructus","gender":"m","decl":4,"meaning":"frutto" },
  { "nom":"metus","gen":"metus","gender":"m","decl":4,"meaning":"timore" },
  { "nom":"senatus","gen":"senatus","gender":"m","decl":4,"meaning":"senato" },
  { "nom":"portus","gen":"portus","gender":"m","decl":4,"meaning":"porto" },
  { "nom":"vultus","gen":"vultus","gender":"m","decl":4,"meaning":"volto" },
  { "nom":"spiritus","gen":"spiritus","gender":"m","decl":4,"meaning":"soffio, spirito" },
  { "nom":"motus","gen":"motus","gender":"m","decl":4,"meaning":"movimento" },
  { "nom":"fluctus","gen":"fluctus","gender":"m","decl":4,"meaning":"flutto" },
  { "nom":"cornu","gen":"cornus","gender":"n","decl":4,"meaning":"corno" },

  { "nom":"res","gen":"rei","gender":"f","decl":5,"meaning":"cosa, affare" },
  { "nom":"dies","gen":"diei","gender":"m","decl":5,"meaning":"giorno (talv. f al plurale)" },
  { "nom":"fides","gen":"fidei","gender":"f","decl":5,"meaning":"fede, lealtà" },
  { "nom":"spes","gen":"spei","gender":"f","decl":5,"meaning":"speranza" },
  { "nom":"acies","gen":"aciei","gender":"f","decl":5,"meaning":"schiera, punta" },
  { "nom":"facies","gen":"faciei","gender":"f","decl":5,"meaning":"aspetto, volto" }
]
